{
  "Sheet1": [
    
  ],
  "Sheet2": [
    {
      "name": "ธนาคารกรุงไทยจำกัด(มหาชน)",
      "province": "-"
    },
    {
      "name": "1. คุณพัชราภรณ์ เอื้อหยิ่งศักดิ์รอง             ",
      "province": "ผู้อำนวยการฝ่าย ผู้บริหารศูนย์ธุรกิจต่างประเทศ "
    },
    {
      "name": "2. คุณสหรรษา   สถิตย์สุขเสนาะ                ",
      "province": "ผู้อำนวยการฝ่าย ผู้บริหารสำนักธุรกิจ (BCM-L)"
    },
    {
      "name": "ธนาคารไทยพาณิชย์จำกัด(มหาชน)",
      "province": "-"
    },
    {
      "name": "3. คุณยุทธนา เชี่ยวเกษม",
      "province": "ผู้จัดการเขตธุรกิจท่าแพ"
    },
    {
      "name": "ธนาคารกรุงศรีอยุธยาจำกัด(มหาชน)",
      "province": "-"
    },
    {
      "name": "4. คุณมณีวรรณ โควาวิสารัช",
      "province": "ผู้อำนวยการอาวุโสและผู้บริหารฝ่ายลูกค้าธุรกิจขนาดใหญ่ 4  "
    },
    {
      "name": "5. คุณอดิศักดิ์   ชูศิลป์ทอง         ",
      "province": "รองผู้อำนวยการฝ่ายลูกค้าธุรกิจขนาดใหญ่ 4  "
    },
    {
      "name": "6. คุณพรพรรณ ชื่นประเสริฐสุข   ",
      "province": "ผู้จัดการฝ่ายลูกค้าธุรกิจขนาดใหญ่ 4"
    },
    {
      "name": "7. คุณพัชรินทร์ นาวาประดิษฐ์",
      "province": "ผู้อำนวยการฝ่ายการค้าต่างประเทศ"
    },
    {
      "name": "8. คุณนิลวรรณ จีระบุญ        ",
      "province": "ผู้อำนวยการอาวุโส ฝ่ายงานธุรกรรมการเงิน"
    },
    {
      "name": "9. คุณเปรม ชินวงศ์   ",
      "province": "ผู้อำนวยการอาวุโสผู้บริหารฝ่ายฝ่ายศูนย์ธุรกิจการค้าต่างประเทศ"
    },
    {
      "name": "ธนาคารกสิกรไทย จำกัด (มหาชน)",
      "province": "-"
    },
    {
      "name": "10. คุณธนรัตน์ ทองพนัง                      ",
      "province": "ผู้บริหารภาคอุตสาหกรรมลูกค้าบรรษัท"
    },
    {
      "name": "11. คุณชาญชัย คงเจริญ                       ",
      "province": "ผู้จัดการทีมความสัมพันธ์ลูกค้าบรรษัท"
    },
    {
      "name": "12. คุณกมลศักดิ์ คงศรีเจริญ                    ",
      "province": "ผู้ดูแลความสัมพันธ์ลูกค้าบรรษัท"
    },
    {
      "name": "ธนาคาร ยูโอบี จำกัด (มหาชน)",
      "province": "-"
    },
    {
      "name": "13. คุณศุภวิทย์    ศุภพิพัฒน์                ",
      "province": "ผู้อำนวยการอาวุโส ธุรกิจภูมิภาค 1 สายงานพาณิชยธนกิจ"
    },
    {
      "name": "14. คุณพีระ        จิตรประไพ              ",
      "province": "ผู้อำนวยการอาวุโส ผลิตภัณฑ์บริหารเงินสด"
    },
    {
      "name": "15. คุณวนิดา      วิไลวรวิทย์                 ",
      "province": "ผู้อำนวยการ การตลาดธุรกิจต่างประเทศ"
    },
    {
      "name": "ธนาคารกรุงเทพ จำกัด (มหาชน)",
      "province": "-"
    },
    {
      "name": "16.คุณวีระศักดิ์ สุตัณฑวิบูลย์                  ",
      "province": "รองผู้จัดการใหญ่ ผู้รับผิดชอบสายลูกค้าธุรกิจรายกลาง"
    },
    {
      "name": "17.คุณธงชัย อานันโทไทย                     ",
      "province": "ผู้ช่วยผู้จัดการใหญ่ ผู้อำนวยการลูกค้าธุรกิจรายกลาง ต่างจังหวัด"
    },
    {
      "name": "18.คุณธนพัฒน์ นรินทรางกูร ณ อยุธยา      ",
      "province": "ผู้จัดการภาค 1 ลูกค้าธุรกิจรายกลาง ต่างจังหวัด"
    },
    {
      "name": "ธนาคารทหารไทย จำกัด(มหาชน)",
      "province": "-"
    },
    {
      "name": "19.คุณวรเดช หมู่พิมล",
      "province": "Regional Manager - Business Banking Business Banking Regional Office-Northern"
    },
    {
      "name": "คุณเจรมัย พิทักษ์วงศ์ ",
      "province": "บก.บห.บ้านและสวน"
    },
    {
      "name": "คุณรัฐพล ศักดิ์ดามพ์นุสนธิ์",
      "province": "บก.บห.room"
    },
    {
      "name": "คุณลีฬภัทร์ กสานติกุล",
      "province": "บก.บห.my home"
    },
    {
      "name": "คุณวลีรัตน์ ศักดิ์ขจรยศ",
      "province": "ผู้อำนวยการฝ่ายโฆษณา"
    },
    {
      "name": "คุณ อกนิษฐ์ มาโนษยวงศ์",
      "province": "กรรมการผู้จัดการ บริษัท สาระดี จำกัด"
    },
    {
      "name": "คุณฐาปกรณ์-คุณจิตรลดา ดิษยนันทน์ ",
      "province": "บริษัทกันตนา มูฟวี่ทาวน์ (2002) จำกัด (มหาชน)"
    },
    {
      "name": "ดร.สุวิชาญ โตวัฒนา ",
      "province": "General Management Director  บริษัท ปักกิ่ง เออร์บัน คอนสตรัคชั่น ยาไถ่ กรุ๊ป จำกัด"
    },
    {
      "name": "คุณอนุรักษ์ ตั้งคารวคุณ  ",
      "province": "กรรมการผู้จัดการบริษัท ไทยวาชิน จำกัด"
    },
    {
      "name": "คุณพรประเสริฐ   นิลประเสริฐศักดิ์",
      "province": "ทีมสาธิตการย้อมสีไม้ OSSB"
    },
    {
      "name": "คุณสมนึก เทพโอสถ",
      "province": "ทีมสาธิตการย้อมสีไม้ OSSB"
    },
    {
      "name": "คุณธนัญชัย   คำวาส",
      "province": "ทีมสาธิตการย้อมสีไม้ OSSB"
    },
    {
      "name": "คุณภิญโญ  หนูเที่ยง",
      "province": "ทีมสาธิตการย้อมสีไม้ OSSB"
    },
    {
      "name": "คุณนิพนธ์ เจียมสมบัติ",
      "province": "หัวหน้ากลุ่มศิษย์เอก"
    },
    {
      "name": "คุณคมกฤษณ์ กล้าหาญ",
      "province": "กลุ่มศิษย์เอก"
    },
    {
      "name": "คุณชานนท์ สุทธิวัฒนาการ",
      "province": "กลุ่มศิษย์เอก"
    },
    {
      "name": "คุณณรงค์เดช  แย้มบุญมี",
      "province": "กลุ่มศิษย์เอก"
    },
    {
      "name": "คุณวินัย คงเวียง",
      "province": "กลุ่มศิษย์เอก"
    },
    {
      "name": "คุณบรรยเวกษก์ สงฤทธิ์",
      "province": "กลุ่มศิษย์เอก"
    },
    {
      "name": "คุณธีรารตน์ บรรเลง",
      "province": "กลุ่มศิษย์เอก"
    },
    {
      "name": "คุณนพพล สีดาวเรือง",
      "province": "กลุ่มศิษย์เอก"
    },
    {
      "name": "คุณธนเสฏฐ์ ศิริบุญมนตรี",
      "province": "กลุ่มศิษย์เอก"
    },
    {
      "name": "คุณกิตตินันท์ หมายมั่นศร",
      "province": "กลุ่มศิษย์เอก"
    },
    {
      "name": "คุณสิทธิโชค เจตศักดิ์รุ่งโรจน์",
      "province": "กลุ่มศิษย์เอก"
    },
    {
      "name": "คุณสุรเดช เทียนทอง",
      "province": "กลุ่มศิษย์เอก"
    },
    {
      "name": "คุณนายสุวพิชญ์  คงเจริญ",
      "province": "กลุ่มศิษย์เอก"
    },
    {
      "name": "คุณปาริทัศน์ อัยราน้อย",
      "province": "กลุ่มศิษย์เอก"
    },
    {
      "name": "คุณอรรถพล กาญจนกุลชาติ",
      "province": "กลุ่มศิษย์เอก"
    },
    {
      "name": "คุณเทอดพงศ์ พลบุตร",
      "province": "กลุ่มศิษย์เอก"
    },
    {
      "name": "คุณพงษ์ศักดิ์ พิพัฒน์ประทานพร",
      "province": "กลุ่มศิษย์เอก"
    },
    {
      "name": "คุณพงษ์พจน์ ตั้งครัชต์",
      "province": "กลุ่มศิษย์เอก"
    },
    {
      "name": "คุณมงคล จีวรมงคล",
      "province": "กลุ่มศิษย์เอก"
    },
    {
      "name": "คุณสมัชชา อริยพฤกษ์",
      "province": "กลุ่มศิษย์เอก"
    },
    {
      "name": "คุณชัชวาล ลิ้นทอง",
      "province": "กลุ่มศิษย์เอก"
    },
    {
      "name": "คุณธวัชชัย มีสิทธิ์",
      "province": "กลุ่มศิษย์เอก"
    },
    {
      "name": "คุณจิระพันธ์ แสงสุวรรณ",
      "province": "กลุ่มศิษย์เอก"
    },
    {
      "name": "คุณอภิชาติ วิจิตรทัญนุกูล",
      "province": "กลุ่มศิษย์เอก"
    },
    {
      "name": "คุณวิบูลย์ สุกพันธุดี",
      "province": "กลุ่มศิษย์เอก"
    }
  ]
}