 [
    {
      "name": "คุณพัชราภรณ์ เอื้อหยิ่งศักดิ์รอง             ",
      "province": "ผู้อำนวยการฝ่าย ผู้บริหารศูนย์ธุรกิจต่างประเทศ ",
      "undefined": "ธนาคารกรุงไทยจำกัด(มหาชน)"
    },
    {
      "name": "คุณสหรรษา   สถิตย์สุขเสนาะ                ",
      "province": "ผู้อำนวยการฝ่าย ผู้บริหารสำนักธุรกิจ (BCM-L)",
      "undefined": "ธนาคารกรุงไทยจำกัด(มหาชน)"
    },
    {
      "name": "คุณยุทธนา เชี่ยวเกษม",
      "province": "ผู้จัดการเขตธุรกิจท่าแพ",
      "undefined": "ธนาคารไทยพาณิชย์จำกัด(มหาชน)"
    },
    {
      "name": "คุณมณีวรรณ โควาวิสารัช",
      "province": "ผู้อำนวยการอาวุโสและผู้บริหารฝ่ายลูกค้าธุรกิจขนาดใหญ่ 4  ",
      "undefined": "ธนาคารกรุงศรีอยุธยาจำกัด(มหาชน)"
    },
    {
      "name": "คุณอดิศักดิ์   ชูศิลป์ทอง         ",
      "province": "รองผู้อำนวยการฝ่ายลูกค้าธุรกิจขนาดใหญ่ 4  ",
      "undefined": "ธนาคารกรุงศรีอยุธยาจำกัด(มหาชน)"
    },
    {
      "name": "คุณพรพรรณ ชื่นประเสริฐสุข   ",
      "province": "ผู้จัดการฝ่ายลูกค้าธุรกิจขนาดใหญ่ 4",
      "undefined": "ธนาคารกรุงศรีอยุธยาจำกัด(มหาชน)"
    },
    {
      "name": "คุณพัชรินทร์ นาวาประดิษฐ์",
      "province": "ผู้อำนวยการฝ่ายการค้าต่างประเทศ",
      "undefined": "ธนาคารกรุงศรีอยุธยาจำกัด(มหาชน)"
    },
    {
      "name": "คุณนิลวรรณ จีระบุญ        ",
      "province": "ผู้อำนวยการอาวุโส ฝ่ายงานธุรกรรมการเงิน",
      "undefined": "ธนาคารกรุงศรีอยุธยาจำกัด(มหาชน)"
    },
    {
      "name": "คุณเปรม ชินวงศ์   ",
      "province": "ผู้อำนวยการอาวุโสผู้บริหารฝ่ายฝ่ายศูนย์ธุรกิจการค้าต่างประเทศ",
      "undefined": "ธนาคารกรุงศรีอยุธยาจำกัด(มหาชน)"
    },
    {
      "name": "คุณธนรัตน์ ทองพนัง                      ",
      "province": "ผู้บริหารภาคอุตสาหกรรมลูกค้าบรรษัท",
      "undefined": "ธนาคารกสิกรไทย จำกัด (มหาชน)"
    },
    {
      "name": "คุณชาญชัย คงเจริญ                       ",
      "province": "ผู้จัดการทีมความสัมพันธ์ลูกค้าบรรษัท",
      "undefined": "ธนาคารกสิกรไทย จำกัด (มหาชน)"
    },
    {
      "name": "คุณกมลศักดิ์ คงศรีเจริญ                    ",
      "province": "ผู้ดูแลความสัมพันธ์ลูกค้าบรรษัท",
      "undefined": "ธนาคารกสิกรไทย จำกัด (มหาชน)"
    },
    {
      "name": "คุณศุภวิทย์    ศุภพิพัฒน์                ",
      "province": "ผู้อำนวยการอาวุโส ธุรกิจภูมิภาค 1 สายงานพาณิชยธนกิจ",
      "undefined": "ธนาคาร ยูโอบี จำกัด (มหาชน)"
    },
    {
      "name": "คุณพีระ        จิตรประไพ              ",
      "province": "ผู้อำนวยการอาวุโส ผลิตภัณฑ์บริหารเงินสด",
      "undefined": "ธนาคาร ยูโอบี จำกัด (มหาชน)"
    },
    {
      "name": "คุณวนิดา      วิไลวรวิทย์                 ",
      "province": "ผู้อำนวยการ การตลาดธุรกิจต่างประเทศ",
      "undefined": "ธนาคาร ยูโอบี จำกัด (มหาชน)"
    },
    {
      "name": "คุณวีระศักดิ์ สุตัณฑวิบูลย์                  ",
      "province": "รองผู้จัดการใหญ่ ผู้รับผิดชอบสายลูกค้าธุรกิจรายกลาง",
      "undefined": "ธนาคารกรุงเทพ จำกัด (มหาชน)"
    },
    {
      "name": "คุณธงชัย อานันโทไทย                     ",
      "province": "ผู้ช่วยผู้จัดการใหญ่ ผู้อำนวยการลูกค้าธุรกิจรายกลาง ต่างจังหวัด",
      "undefined": "ธนาคารกรุงเทพ จำกัด (มหาชน)"
    },
    {
      "name": "คุณธนพัฒน์ นรินทรางกูร ณ อยุธยา      ",
      "province": "ผู้จัดการภาค 1 ลูกค้าธุรกิจรายกลาง ต่างจังหวัด",
      "undefined": "ธนาคารกรุงเทพ จำกัด (มหาชน)"
    },
    {
      "name": "คุณวรเดช หมู่พิมล",
      "province": "Regional Manager - Business Banking Business Banking Regional Office-Northern",
      "undefined": "ธนาคารทหารไทย จำกัด(มหาชน)"
    },
    {
      "name": "คุณเจรมัย พิทักษ์วงศ์ ",
      "province": "บก.บห.บ้านและสวน",
      "undefined": "-"
    },
    {
      "name": "คุณรัฐพล ศักดิ์ดามพ์นุสนธิ์",
      "province": "บก.บห.room",
      "undefined": "-"
    },
    {
      "name": "คุณลีฬภัทร์ กสานติกุล",
      "province": "บก.บห.my home",
      "undefined": "-"
    },
    {
      "name": "คุณวลีรัตน์ ศักดิ์ขจรยศ",
      "province": "ผู้อำนวยการฝ่ายโฆษณา",
      "undefined": "-"
    },
    {
      "name": "คุณ อกนิษฐ์ มาโนษยวงศ์",
      "province": "กรรมการผู้จัดการ บริษัท สาระดี จำกัด",
      "undefined": "-"
    },
    {
      "name": "คุณฐาปกรณ์-คุณจิตรลดา ดิษยนันทน์ ",
      "province": "บริษัทกันตนา มูฟวี่ทาวน์ (2002) จำกัด (มหาชน)",
      "undefined": "-"
    },
    {
      "name": "ดร.สุวิชาญ โตวัฒนา ",
      "province": "General Management Director  บริษัท ปักกิ่ง เออร์บัน คอนสตรัคชั่น ยาไถ่ กรุ๊ป จำกัด",
      "undefined": "-"
    },
    {
      "name": "คุณอนุรักษ์ ตั้งคารวคุณ  ",
      "province": "กรรมการผู้จัดการบริษัท ไทยวาชิน จำกัด",
      "undefined": "-"
    },
    {
      "name": "คุณพรประเสริฐ   นิลประเสริฐศักดิ์",
      "province": "ทีมสาธิตการย้อมสีไม้ OSSB",
      "undefined": "-"
    },
    {
      "name": "คุณสมนึก เทพโอสถ",
      "province": "ทีมสาธิตการย้อมสีไม้ OSSB",
      "undefined": "-"
    },
    {
      "name": "คุณธนัญชัย   คำวาส",
      "province": "ทีมสาธิตการย้อมสีไม้ OSSB",
      "undefined": "-"
    },
    {
      "name": "คุณภิญโญ  หนูเที่ยง",
      "province": "ทีมสาธิตการย้อมสีไม้ OSSB",
      "undefined": "-"
    },
    {
      "name": "คุณนิพนธ์ เจียมสมบัติ",
      "province": "หัวหน้ากลุ่มศิษย์เอก",
      "undefined": "-"
    },
    {
      "name": "คุณคมกฤษณ์ กล้าหาญ",
      "province": "กลุ่มศิษย์เอก",
      "undefined": "-"
    },
    {
      "name": "คุณชานนท์ สุทธิวัฒนาการ",
      "province": "กลุ่มศิษย์เอก",
      "undefined": "-"
    },
    {
      "name": "คุณณรงค์เดช  แย้มบุญมี",
      "province": "กลุ่มศิษย์เอก",
      "undefined": "-"
    },
    {
      "name": "คุณวินัย คงเวียง",
      "province": "กลุ่มศิษย์เอก",
      "undefined": "-"
    },
    {
      "name": "คุณบรรยเวกษก์ สงฤทธิ์",
      "province": "กลุ่มศิษย์เอก",
      "undefined": "-"
    },
    {
      "name": "คุณธีรารตน์ บรรเลง",
      "province": "กลุ่มศิษย์เอก",
      "undefined": "-"
    },
    {
      "name": "คุณนพพล สีดาวเรือง",
      "province": "กลุ่มศิษย์เอก",
      "undefined": "-"
    },
    {
      "name": "คุณธนเสฏฐ์ ศิริบุญมนตรี",
      "province": "กลุ่มศิษย์เอก",
      "undefined": "-"
    },
    {
      "name": "คุณกิตตินันท์ หมายมั่นศร",
      "province": "กลุ่มศิษย์เอก",
      "undefined": "-"
    },
    {
      "name": "คุณสิทธิโชค เจตศักดิ์รุ่งโรจน์",
      "province": "กลุ่มศิษย์เอก",
      "undefined": "-"
    },
    {
      "name": "คุณสุรเดช เทียนทอง",
      "province": "กลุ่มศิษย์เอก",
      "undefined": "-"
    },
    {
      "name": "คุณนายสุวพิชญ์  คงเจริญ",
      "province": "กลุ่มศิษย์เอก",
      "undefined": "-"
    },
    {
      "name": "คุณปาริทัศน์ อัยราน้อย",
      "province": "กลุ่มศิษย์เอก",
      "undefined": "-"
    },
    {
      "name": "คุณอรรถพล กาญจนกุลชาติ",
      "province": "กลุ่มศิษย์เอก",
      "undefined": "-"
    },
    {
      "name": "คุณเทอดพงศ์ พลบุตร",
      "province": "กลุ่มศิษย์เอก",
      "undefined": "-"
    },
    {
      "name": "คุณพงษ์ศักดิ์ พิพัฒน์ประทานพร",
      "province": "กลุ่มศิษย์เอก",
      "undefined": "-"
    },
    {
      "name": "คุณพงษ์พจน์ ตั้งครัชต์",
      "province": "กลุ่มศิษย์เอก",
      "undefined": "-"
    },
    {
      "name": "คุณมงคล จีวรมงคล",
      "province": "กลุ่มศิษย์เอก",
      "undefined": "-"
    },
    {
      "name": "คุณสมัชชา อริยพฤกษ์",
      "province": "กลุ่มศิษย์เอก",
      "undefined": "-"
    },
    {
      "name": "คุณชัชวาล ลิ้นทอง",
      "province": "กลุ่มศิษย์เอก",
      "undefined": "-"
    },
    {
      "name": "คุณธวัชชัย มีสิทธิ์",
      "province": "กลุ่มศิษย์เอก",
      "undefined": "-"
    },
    {
      "name": "คุณจิระพันธ์ แสงสุวรรณ",
      "province": "กลุ่มศิษย์เอก",
      "undefined": "-"
    },
    {
      "name": "คุณอภิชาติ วิจิตรทัญนุกูล",
      "province": "กลุ่มศิษย์เอก",
      "undefined": "-"
    },
    {
      "name": "คุณวิบูลย์ สุกพันธุดี",
      "province": "กลุ่มศิษย์เอก",
      "undefined": "-"
    }
  ]