[
    {
        "name": "ณ เพชรเอก",
        "province": "กรุงเทพ"
    },
    {
        "name": "บจก.ธาวันเดคคอน 2001",
        "province": "กรุงเทพ"
    },
    {
        "name": "ท่งไซ้เหลี่ยงฮะ",
        "province": "กรุงเทพ        "
    },
    {
        "name": "ร้านบ้านรวมไม้",
        "province": "กรุงเทพ"
    },
    {
        "name": "โพธิ์นครค้าไม้",
        "province": "กรุงเทพ"
    },
    {
        "name": "ร้านมุกดาค้าไม้",
        "province": "กรุงเทพ"
    },
    {
        "name": "บจก. เวสท์วู้ด อินดัสทรี",
        "province": "กรุงเทพ"
    },
    {
        "name": "พาราภิวัฒน์ ซัพพลาย",
        "province": "กรุงเทพ           "
    },
    {
        "name": "บ.สิริพงศ์วงศ์สว่าง",
        "province": "กรุงเทพ"
    },
    {
        "name": "สมาร์ทโฮม  โปรดักส์",
        "province": "นนทบุรี            "
    },
    {
        "name": "ร้านมิตรการช่าง",
        "province": "กรุงเทพ"
    },
    {
        "name": "พรไพศาล พัฒนา ",
        "province": "นนทบุรี"
    },
    {
        "name": "หจก.พันธุ์รุ่งเรื่องค้าเหล็ก",
        "province": "อ่างทอง"
    },
    {
        "name": "บริษัทยูนิเวอร์แซลโฮมเซนเตอร์จำกัด",
        "province": "กรุงเทพ"
    },
    {
        "name": "นำเสถียรวัสดุภัณฑ์",
        "province": "กรุงเทพ"
    },
    {
        "name": "ร้านเจริญทรัพย์",
        "province": "กรุงเทพ"
    },
    {
        "name": "ว.แสงวานิช",
        "province": "สมุทรสงคราม"
    },
    {
        "name": "เชี่ยวชาญวัสดุก่อสร้าง",
        "province": "กรุงเทพ"
    },
    {
        "name": "สยามวู้ด ",
        "province": "กรุงเทพ"
    },
    {
        "name": "บริษัท ป.ชัยเจริญ จำกัด",
        "province": "กรุงเทพ"
    },
    {
        "name": "หจก.ทรัพย์ศิริค้าไม้",
        "province": "นครปฐม"
    },
    {
        "name": "คุณกิจค้าไม้",
        "province": "ลพบุรี"
    },
    {
        "name": "พรชัยวัสดุภัณฑ์",
        "province": "สระบุรี"
    },
    {
        "name": "บจก.หินกองวัสดุก่อสร้าง",
        "province": "สระบุรี"
    },
    {
        "name": "หจก.คลองมะเดื่อพาณิชย์",
        "province": "สมุทรสาคร"
    },
    {
        "name": "บริษัท ส.กิจไพบูรณ์เคหะภัณฑ์ จำกัด",
        "province": "อยุธยา"
    },
    {
        "name": "โอภาสโลหะภัณฑ์",
        "province": "อยุธยา"
    },
    {
        "name": "หจก.แพนกรุงเทพโปรดักส์",
        "province": "กรุงเทพ"
    },
    {
        "name": "หจก.ศรีสุวรรณ",
        "province": "อ่างทอง"
    },
    {
        "name": "บจก.พีเอ วัสดุก่อสร้าง",
        "province": "สมุทรสาคร"
    },
    {
        "name": "หจก.โชคอ่างทองพาณิชย์",
        "province": "อ่างทอง"
    },
    {
        "name": "กิจไพศาลค้าไม้ ",
        "province": "ฉะเชิงเทรา"
    },
    {
        "name": "สมพงษ์ค้าไม้",
        "province": "ฉะเชิงเทรา"
    },
    {
        "name": "สมชาติค้าไม้",
        "province": "ฉะเชิงเทรา"
    },
    {
        "name": "หจก.เพิ่มทรัพย์ค้าวัสดุก่อสร้าง",
        "province": "ฉะเชิงเทรา"
    },
    {
        "name": "ร้านโชคชัยสุขภัณฑ์",
        "province": "ฉะเชิงเทรา"
    },
    {
        "name": "ร้านทวีปเสาเข็ม",
        "province": "ฉะเชิงเทรา"
    },
    {
        "name": "บ.โพวา 2552 จำกัด",
        "province": "ชลบุรี"
    },
    {
        "name": "สีสวย ฮาร์ดแวร์ ",
        "province": "ชลบุรี"
    },
    {
        "name": "ไพโรจน์การช่าง",
        "province": "ชลบุรี"
    },
    {
        "name": "ร้านธงชัย",
        "province": "ชลบุรี"
    },
    {
        "name": "สหราชค้าไม้",
        "province": "ชลบุรี"
    },
    {
        "name": "บ.ชลบุรี กันยง จำกัด",
        "province": "ชลบุรี"
    },
    {
        "name": "หจก.บายพาส ค้าไม้",
        "province": "ชลบุรี"
    },
    {
        "name": "เทพประสิทธิ์ค้าวัสดุ",
        "province": "ชลบุรี"
    },
    {
        "name": "ช้างไทย จำกัด",
        "province": "ชลบุรี"
    },
    {
        "name": "พัทยาไม้ไทย",
        "province": "ชลบุรี"
    },
    {
        "name": "ร้านจรูญค้าไม้",
        "province": "ชลบุรี"
    },
    {
        "name": "วรพลเสาเข็ม ",
        "province": "ชลบุรี"
    },
    {
        "name": "สหกิจพัทยาค้าไม้ (พัทยาใต้)",
        "province": "ชลบุรี"
    },
    {
        "name": "บริษัท ช. ทวีรุ่งทรัพย์ จำกัด",
        "province": "ชลบุรี"
    },
    {
        "name": "ร้านอัญชัยท๊อปวู้ด 2008",
        "province": "ชลบุรี"
    },
    {
        "name": "ก.ค้าไม้",
        "province": "ชลบุรี"
    },
    {
        "name": "ร้านสมชายเฟอร์นิเจอร์",
        "province": "ชลบุรี"
    },
    {
        "name": "บริษัท S. N. J. พัทยา จำกัด",
        "province": "ชลบุรี"
    },
    {
        "name": "บริษัทสุทธิพรระยอง1992จำกัด",
        "province": "ระยอง"
    },
    {
        "name": "ระยองตังเซ่ง 1993 จำกัด",
        "province": "ระยอง"
    },
    {
        "name": "ร้านพงษ์ไพบูรณ์วัสดุก่อสร้าง ",
        "province": "ระยอง"
    },
    {
        "name": "ทรัพย์ไพศาล",
        "province": "ระยอง"
    },
    {
        "name": "ร้านมารถค้าไม้",
        "province": "นครราชสีมา"
    },
    {
        "name": "อวยชัยค้าเหล็ก",
        "province": "นครราชสีมา"
    },
    {
        "name": "สินธนทรัพย์ ซัพพลาย 2550",
        "province": "นครราชสีมา"
    },
    {
        "name": "หจก.โคกกรวดค้าไม้",
        "province": "นครราชสีมา"
    },
    {
        "name": "บจก.บ้านใหม่อุดมค้าไม้",
        "province": "นครราชสีมา"
    },
    {
        "name": "ธรรมทวี โฮมเซนเตอร์",
        "province": "นครราชสีมา"
    },
    {
        "name": "ร้านภูสะแกราชค้าวัสดุ",
        "province": "นครราชสีมา"
    },
    {
        "name": "อังครงค์รักษ์พาณิชย์",
        "province": "นครราชสีมา"
    },
    {
        "name": "รุ่งเรืองดี",
        "province": "นครราชสีมา"
    },
    {
        "name": "เจริญทรัพย์วัสดุ",
        "province": "นครราชสีมา"
    },
    {
        "name": "นิรัตน์โชค นำชัย",
        "province": "นครราชสีมา"
    },
    {
        "name": "แสนเจริญ",
        "province": "นครราชสีมา"
    },
    {
        "name": "บ้านเกาะค้าไม้",
        "province": "นครราชสีมา"
    },
    {
        "name": "จงเจริญค้าวัสดุ",
        "province": "นครราชสีมา"
    },
    {
        "name": "เชิดชัยพัฒนาการ",
        "province": "นครราชสีมา"
    },
    {
        "name": "ดี แอนด์ เจ ",
        "province": "กรุงเทพ"
    },
    {
        "name": "สุภโชคค้าไม้ ",
        "province": "นครราชสีมา"
    },
    {
        "name": "หจก.ศิริสุริยะ",
        "province": "นครราชสีมา"
    },
    {
        "name": "ร้านทองคอนสตรัคชั่น",
        "province": "นครราชสีมา"
    },
    {
        "name": "ร้าน ธวัชชัยวัสดุภัณฑ์      ",
        "province": "นครราชสีมา         "
    },
    {
        "name": "ร้านพรแอนด์ชัยวัสดุภัณฑ์",
        "province": "เชียงใหม่"
    },
    {
        "name": "หจก.ยุทธนาฮาร์ดแวร์ ",
        "province": "เชียงใหม่"
    },
    {
        "name": "บีเค โฮม เฟอร์นิชชิ่ง",
        "province": "เชียงใหม่"
    },
    {
        "name": "บริษัทวีระพานิชเชียงใหม่จำกัด",
        "province": "เชียงใหม่"
    },
    {
        "name": "ซี พี เอส โฮมเซ็นเตอร์",
        "province": "เชียงใหม่"
    },
    {
        "name": "ศรีมาเฟอร์นิเจอร์",
        "province": "เชียงใหม่"
    },
    {
        "name": "ร้านไม้งาม",
        "province": "เชียงใหม่"
    },
    {
        "name": "กมลโลหะกิจ",
        "province": "เชียงใหม่"
    },
    {
        "name": "ไม้สยาม",
        "province": "เชียงใหม่        "
    },
    {
        "name": "หจก. ไม้ไทยพาณิชย์",
        "province": "ขอนแก่น"
    },
    {
        "name": "เท็คก้า อาณาจักรวัสดุก่อสร้าง",
        "province": "ขอนแก่น"
    },
    {
        "name": "บริษัทเสรีก่อสร้าง (1985) จำกัด",
        "province": "ขอนแก่น"
    },
    {
        "name": "รุ่งอนันต์/ ร้านศิริพัฒน์",
        "province": "ขอนแก่น"
    },
    {
        "name": "ปทุมวันกระจกอลูมิเนียม",
        "province": "มหาสาราคราม"
    },
    {
        "name": "ขจรเกียรติวัสดุก่อสร้าง",
        "province": "ขอนแก่น"
    },
    {
        "name": "หจก.วิรัชวัสดุก่อสร้าง ",
        "province": "หนองบัวลำภู"
    },
    {
        "name": "ร้านแสงอุทัยโลหะกิจค้าไม้",
        "province": "อุดรธานี"
    },
    {
        "name": "อยู่เจริญวัสดุภัณฑ์ ",
        "province": "อุดรธานี"
    },
    {
        "name": "มิตรภาพวัสดุก่อสร้าง ",
        "province": "หนองบัวลำภู"
    },
    {
        "name": "หจก. มีชัยสตีล ",
        "province": "หนองคาย"
    },
    {
        "name": "หจก.ดาวอุดร ฮาร์ดแวร์",
        "province": "อุดรธานี"
    },
    {
        "name": "ร้านอุดรพิบูรณ์กิจ ",
        "province": "อุดรธานี"
    },
    {
        "name": "บจก.บิ๊กล๊อคโฮมโปรดักส์ ",
        "province": "อุดรธานี"
    },
    {
        "name": "ร้านย่งฮงโลหะกิจ ",
        "province": "อุดรธานี"
    },
    {
        "name": "หจก. สุขสมใจค้าไม้",
        "province": "อุดรธานี"
    },
    {
        "name": "บจก.ไทยพิพัฒน์ทูลแอนด์โฮมมาร์ท",
        "province": "อุดรธานี"
    },
    {
        "name": "ร้านอุดรมงคลกิจ",
        "province": "อุดรธานี          "
    },
    {
        "name": "หจก.อุดรนันทวัฒน์ ",
        "province": "อุดรธานี"
    },
    {
        "name": "บริษัท อึ้ง ซุน ฮะ( 1994) จำกัด ",
        "province": "หนองบังลำภู "
    },
    {
        "name": "โชคเจริญ ฮาร์ดแวร์ ",
        "province": "อุดรธานี"
    },
    {
        "name": "ที. อาร์ .กรุ๊ป มุกดาหาร ",
        "province": "มุกดาหาร "
    },
    {
        "name": "หจก.สกลนครจิบตง",
        "province": "สกลนคร "
    },
    {
        "name": "หจก.บัวคำนครสกลนครก่อสร้าง",
        "province": "สกลนคร "
    },
    {
        "name": "ร้านเกรียงไกร ฮาร์ดแวร์(จรัญเฟอร์นิเจอร์)  ",
        "province": "สกลนคร "
    },
    {
        "name": "ศิริผลอะไหล่ยนต์ ",
        "province": "เลย"
    },
    {
        "name": "ร้านร่วมเจริญกิจ (1997)",
        "province": "เลย"
    },
    {
        "name": "บริษัท เมืองเลยบิ๊กโฮมจำกัด",
        "province": "เลย"
    },
    {
        "name": "ทวีชัยค้าไม้",
        "province": "เลย"
    },
    {
        "name": "หจก. เจ้เจิ้น เงี้ยบ ",
        "province": "นครพนม"
    },
    {
        "name": "หจก.หมงฮวดโฮมมาร์ท ",
        "province": "นครพนม"
    },
    {
        "name": "บริษัท พงศกร วัสดุ จำกัด",
        "province": "นครพนม"
    },
    {
        "name": "หจก.หนองคายสยามกิจ ",
        "province": "หนองคาย"
    },
    {
        "name": "หจก.เจริญสุขเซรามิค ",
        "province": "หนองคาย"
    },
    {
        "name": "ร้าน อุดรตั้งกิมเซ้ง",
        "province": "อุดรธานี  "
    },
    {
        "name": "หจก.ประพจน์พาณิชย์",
        "province": "ลำปาง"
    },
    {
        "name": "สหภัณฑ์ เคหะกิจ ",
        "province": "ลำปาง"
    },
    {
        "name": "ร้านดำวัสดุก่อสร้าง",
        "province": "ลำปาง"
    },
    {
        "name": "บสม. นนท์วัสดุ",
        "province": "ลำปาง"
    },
    {
        "name": "ร้านไฮเวย์ราม ",
        "province": "พะเยา"
    },
    {
        "name": "ร้านฉลองคอนกรีตอิฐโชว์ ",
        "province": "พะเยา"
    },
    {
        "name": "หจก.กำพลโลหะ และ วัศวกรรม",
        "province": "ลำปาง"
    },
    {
        "name": "หจก.แสงทองสหกิจ ",
        "province": "ลำปาง"
    },
    {
        "name": "หจก. กรีพานิช 1991",
        "province": "ตาก"
    },
    {
        "name": "ร้านธนกิจ ",
        "province": "ตาก"
    },
    {
        "name": "ร้านจรูญพานิช ",
        "province": "กำแพงเพชร "
    },
    {
        "name": "หจก.ณัชชากรณ์ภัณฑ์ ",
        "province": "กำแพงเพชร "
    },
    {
        "name": "ร้านเทพประธานค้าไม้ ",
        "province": "กำแพงเพชร "
    },
    {
        "name": "หจก.กมลทรัพย์ค้าวัสดุก่อสร้าง",
        "province": "ตาก"
    },
    {
        "name": "หจก.ช. แม่สอดวัสดุภัณฑ์",
        "province": "ตาก"
    },
    {
        "name": "ร้านทองพูนค้าไม้",
        "province": "พะเยา"
    },
    {
        "name": "หจก.พะเยาสามารถพาณิชย์",
        "province": "พะเยา"
    },
    {
        "name": "ร้านมณธนัญ",
        "province": "เชียงราย"
    },
    {
        "name": "ไฟท์อินเตอร์เนชั่นแนลเอ็กซ์ปอร์ตเตอร์",
        "province": "เชียงราย"
    },
    {
        "name": "บจก.ดวงแสงทอง",
        "province": "เชียงราย"
    },
    {
        "name": "หจก.เชียงรายรุ่งถาวร",
        "province": "เชียงราย"
    },
    {
        "name": "ร้านวรภัณฑ์",
        "province": "เชียงราย"
    },
    {
        "name": "หจก.เอ็ม แอล เค ซีเมนต์สตีล(2009)",
        "province": "เชียงราย"
    },
    {
        "name": "พูนผลพาณิชย์ กรุ๊ป จำกัด",
        "province": "เชียงราย"
    },
    {
        "name": "ร้านหอมนานค้าไม้",
        "province": "เชียงราย"
    },
    {
        "name": "เจริญชัย ค้าเหล็ก",
        "province": "เชียงราย"
    },
    {
        "name": "ร้านสมศักดิ์ อิฐบล๊อก",
        "province": "เชียงราย"
    },
    {
        "name": "พีเอ็นวัสดุ ",
        "province": "เชียงราย"
    },
    {
        "name": "ร้านงามเนตร วัสดุภัณฑ์",
        "province": "เชียงราย"
    },
    {
        "name": "หจก.ป่าตึงวัสดุก่อสร้าง",
        "province": "เชียงราย"
    },
    {
        "name": "ร้านหล่วนพานิช",
        "province": "พะเยา"
    },
    {
        "name": "หจก.เชียงคำซีเมนต์บล็อค (1991)",
        "province": "พะเยา"
    },
    {
        "name": "ร้านเจริญรวมน็อต",
        "province": "เชียงราย"
    },
    {
        "name": "หาญเจริญภัณฑ์",
        "province": "เชียงราย"
    },
    {
        "name": "หมู่เฮา ",
        "province": "เชียงราย"
    },
    {
        "name": "ร้านสุวรรณพาณิชย์ ฝั่งหมิ่น",
        "province": "เชียงราย"
    },
    {
        "name": "ร้านวัฒนะภัณฑ์",
        "province": "เชียงราย"
    },
    {
        "name": "หจก.น้ำลัดค้าไม้",
        "province": "เชียงราย"
    },
    {
        "name": "ร้านฮิมกี่",
        "province": "เชียงราย"
    },
    {
        "name": "ร้าน กรีเคหะภัณฑ์               ",
        "province": "ตาก            "
    },
    {
        "name": "บจก. ยะลา นำรุ่ง",
        "province": "ยะลา"
    },
    {
        "name": "พรเทพเฟอร์นิเจอร์โฮม",
        "province": "ตรัง"
    },
    {
        "name": "หจก.วีระวัสดุ ก่อสร้างหาดใหญ่",
        "province": "สงขลา"
    },
    {
        "name": "ร้านเกรียงไกรหาดใหญ่",
        "province": "สงขลา"
    },
    {
        "name": "บจก.หาดใหญ่ ไพรรัตน์ ",
        "province": "สงขลา"
    },
    {
        "name": "สตูล นานาวัสดุ",
        "province": "สตูล"
    },
    {
        "name": "ศิริอนันเจริญ",
        "province": "ตรัง"
    },
    {
        "name": "ร้านพัทลุง สหไทย",
        "province": "พัทลุง"
    },
    {
        "name": "หจก.ตงเฮงเคหะภัณฑ์ ",
        "province": "สตูล "
    },
    {
        "name": "บจก.ละงูวัสดุ",
        "province": "สตูล "
    },
    {
        "name": "หจก.มีนาเจริญก่อสร้าง",
        "province": "สตูล "
    },
    {
        "name": "หจก.สตูลวัสดุภัณฑ์ ",
        "province": "สตูล "
    },
    {
        "name": "บจก.สหมิตรค้าวัสดุจำกัด ",
        "province": "นครศรีธรรมราช"
    },
    {
        "name": "หจก.หาดใหญ่สตาร์เฟอร์ริชิ่ง ",
        "province": "สงขลา"
    },
    {
        "name": "บริษัท บ้านสวยมาร์เก็ตติ้ง ",
        "province": "สงขลา"
    },
    {
        "name": "บจก.นานาวัสดุเฟอร์นิเจอร์ ",
        "province": "สงขลา"
    },
    {
        "name": "หจก.นานาโฮมเซ็นเตอร์ ",
        "province": "สงขลา"
    },
    {
        "name": "ร้านซันฉาย เทรดดิ้ง ",
        "province": "สงขลา "
    },
    {
        "name": "หจก. ส.ไม้อัดไทย ",
        "province": "สงขลา "
    },
    {
        "name": "ร้านหลุยห์ วัสดุก่อสร้าง ",
        "province": "สงขลา "
    },
    {
        "name": "ร้านอรุณภัณฑ์ หาดใหญ่ ",
        "province": "สงขลา "
    },
    {
        "name": "ร้านบุญพิพัฒน์ ",
        "province": "สงขลา "
    },
    {
        "name": "หจก.วรรณภาสโลหะกิจ ",
        "province": "สงขลา "
    },
    {
        "name": "โปรเกสฮาร์ดแวร์ ",
        "province": "สงขลา "
    },
    {
        "name": "ร้านไทยสิริ",
        "province": "สงขลา "
    },
    {
        "name": "โรงไม้ชัยเจริญกิจ",
        "province": "สงขลา "
    },
    {
        "name": "เกียรติเจริญหาดใหญ่โลหะภัณฑ์",
        "province": "สงขลา "
    },
    {
        "name": "เพชรสยามรวมไม้ ",
        "province": "สงขลา"
    },
    {
        "name": "บ้านพรุซิมไทฮองค้าไม้ ",
        "province": "สงขลา"
    },
    {
        "name": "เฮงนานา",
        "province": "สงขลา"
    },
    {
        "name": "หจก. เพ้งคัลเลอร์เวิลด์ ",
        "province": "สงขลา"
    },
    {
        "name": "ภูมิพัฒนาวานิช ",
        "province": "สงขลา"
    },
    {
        "name": "สมถวิลค้าวัสดุ ก่อสร้าง ",
        "province": "สงขลา"
    },
    {
        "name": "นันทะวัสดุก่อสร้าง ",
        "province": "สงขลา"
    },
    {
        "name": "แสงศิลป์การค้า ",
        "province": "สงขลา"
    },
    {
        "name": "ร้านไม้เอก",
        "province": "สงขลา"
    },
    {
        "name": "ศรีเจริญ ",
        "province": "นราธิวาส "
    },
    {
        "name": "นราทองค้าไม้และวัสดุภัณฑ์ ",
        "province": "นราธิวาส "
    },
    {
        "name": "ร้านพาณิชย์ไทย",
        "province": "นราธิวาส "
    },
    {
        "name": "บจก.ย่งฮวดวัสดุก่อสร้าง ",
        "province": "ยะลา"
    },
    {
        "name": "หจก.เหรียญชัยพัฒนา ",
        "province": "ยะลา"
    },
    {
        "name": "คณิศรฮาร์ดแวร์ ",
        "province": "นครศรีธรรมราช"
    },
    {
        "name": "โลหะภัณฑ์ฮาร์ดแวร์โปร์ ",
        "province": "นครศรีธรรมราช"
    },
    {
        "name": "นานาวัสดุภัณฑ์ 1993 จำกัด  ",
        "province": "นครศรีธรรมราช "
    },
    {
        "name": "หจก.อภิศักดิ์การค้า ",
        "province": "นครศรีธรรมราช "
    },
    {
        "name": "พร้อมถาวรวัสดุภัณฑ์ ",
        "province": "นครศรีธรรมราช "
    },
    {
        "name": "ร้านดีเฟอร์นิช",
        "province": "นครศรีธรรมราช  "
    },
    {
        "name": "หจก.รัตนไพจิตร ",
        "province": "นครศรีธรรมราช  "
    },
    {
        "name": "ร้าน ส. นครก่อสร้าง ",
        "province": "นครศรีธรรมราช  "
    },
    {
        "name": "หจก.บ้านวัสดุภัณฑ์",
        "province": "พัทลุง"
    },
    {
        "name": "เจริญรัตน์การค้า ",
        "province": "สงขลา"
    },
    {
        "name": "ชยวัศค้าไม้      ",
        "province": "กรุงเทพ"
    },
    {
        "name": "ทิชาค้าไม้",
        "province": "กรุงเทพ"
    },
    {
        "name": "หจก.เฟอร์วูด",
        "province": "ปทุมธานี"
    },
    {
        "name": "บริษัท สุขกมลวิศวกรรมค้าไม้ จำกัด",
        "province": "ปทุมธานี"
    },
    {
        "name": "บริษัท เกียรติทวี ค้าไม้ จำกัด",
        "province": "กรุงเทพ"
    },
    {
        "name": "บริษัท เอกวิวัฒน์ไม้อัด จำกัด",
        "province": "กรุงเทพ"
    },
    {
        "name": "สุพรรณการช่าง บางโพ",
        "province": "กรุงเทพ"
    },
    {
        "name": "หจก.วิจิตรโปรดัคส์",
        "province": "กรุงเทพ"
    },
    {
        "name": "บริษัท รุ่งถาวรค้าไม้ จำกัด",
        "province": "กรุงเทพ"
    },
    {
        "name": "บริษัท วี.เอส.บี.โฮม จำกัด",
        "province": "กรุงเทพ"
    },
    {
        "name": "บริษัท แสงเจริญเฮ้าส์ซิ่งโปรดักส์ จำกัด",
        "province": "กรุงเทพ"
    },
    {
        "name": "บริษัท บางโพ ฮาร์ดแวร์2012 จำกัด",
        "province": "กรุงเทพ"
    },
    {
        "name": "ซีเฮชวู้ดส์",
        "province": "ปทุมธานี"
    },
    {
        "name": "บริษัท สีเหลี่อม ค้าไม้",
        "province": "ปทุมธานี"
    },
    {
        "name": "บริษัท ส.สิทธิพรรุ่งเรือง จำกัด",
        "province": "กรุงเทพ"
    },
    {
        "name": "บางกอกสยาม",
        "province": "กรุงเทพ"
    },
    {
        "name": "หจก.ไทรทองไม้อัด",
        "province": "กรุงเทพ"
    },
    {
        "name": "เอกมีน",
        "province": "กรุงเทพ"
    },
    {
        "name": "บริษัท ธนาภัณฑ์ ค้าไม้ จำกัด",
        "province": "กรุงเทพ"
    },
    {
        "name": "บริษัท ฟ้าใสรุ่งเรือง จำกัด",
        "province": "กรุงเทพ"
    },
    {
        "name": "บริษัท ก.ภัทร ค้าไม้ จำกัด",
        "province": "ปทุมธานี"
    },
    {
        "name": "ร้านซัมมิทวัสดุภัณฑ์",
        "province": "กรุงเทพ"
    },
    {
        "name": "หจก.รัตนกานต์ซัพพลาย2008",
        "province": "กรุงเทพ"
    },
    {
        "name": "บริษัท โฮมฮับ จำกัด",
        "province": "อุบลราชธานี"
    },
    {
        "name": "ผึ้งหลวง พระอินทร์ไม้อัดไทย",
        "province": "ปทุมธานี"
    },
    {
        "name": "หจก.เกียรติสุวรรณ 2013",
        "province": "สุรินทร์"
    },
    {
        "name": "หจก.วัฒนชัยวัสดุหล่มสัก",
        "province": "เพชรบุรณ์"
    },
    {
        "name": "ร้านสี่แสนค้าไม้",
        "province": "พิจิตร"
    },
    {
        "name": "หสม.ต.รวมกิจ",
        "province": "พิจิตร"
    },
    {
        "name": "ร้านพิจิตรเคหะภัณฑ์ 2002",
        "province": "พิจิตร"
    },
    {
        "name": "หจก.โชคไทยไทยวัสดุ",
        "province": "พิษณุโลก"
    },
    {
        "name": "บจก.โฮมแกรนด์เซ็นเตอร์",
        "province": "พิษณุโลก"
    },
    {
        "name": "ร้านไทยดำรงค์พาณิชย์",
        "province": "พิษณุโลก"
    },
    {
        "name": "หจก เอี่ยมหลีสุโขทัย",
        "province": "สุโขทัย"
    },
    {
        "name": "สุโขทัยแสงอุปกรณ์",
        "province": "สุโขทัย"
    },
    {
        "name": "หจก.สุโขทัยซีเมนต์",
        "province": "สุโขทัย"
    },
    {
        "name": "ศรีสำโรงค้าไม้",
        "province": "สุโขทัย"
    },
    {
        "name": "ยงแซค้าวัสดุก่อสร้าง",
        "province": "แพร่"
    },
    {
        "name": "แพร่ภูวดล",
        "province": "แพร่"
    },
    {
        "name": "บริษัท นานาพร จำกัด",
        "province": "เพชรบูรณ์"
    },
    {
        "name": "เรวัตวัสดุ",
        "province": "เพชรบูรณ์"
    },
    {
        "name": "ย่งพงษ์หลงค้าไม้",
        "province": "เพชรบูรณ์"
    },
    {
        "name": "ศรีพิณค้าไม้",
        "province": "เชียงราย"
    },
    {
        "name": "ศรีเทพก่อสร้าง",
        "province": "เพชรบูรณ์"
    },
    {
        "name": "พุเตยก่อสร้าง (สหชัย)",
        "province": "เพชรบูรณ์"
    },
    {
        "name": "ร้นบุญชัยคอนกรีต",
        "province": "เพชรบูรณ์"
    },
    {
        "name": "ไทยถาวรบึงสามพัน",
        "province": "เพชรบูรณ์"
    },
    {
        "name": "เล็กวัสดุ",
        "province": "เพชรบูรณ์"
    },
    {
        "name": "หจก. พิศาลวุฒิ",
        "province": "เพชรบูรณ์"
    },
    {
        "name": "บ.วิภัสสรสินธนา",
        "province": "เพชรบูรณ์"
    },
    {
        "name": "แสงทองท็อปอิมปอร์ต แอนด์ เอ็กซ์ปอร์ต จำกัด",
        "province": "น่าน"
    },
    {
        "name": "แสงทองวัสดุก่อสร้าง",
        "province": "น่าน"
    },
    {
        "name": "เวียงสาวัสดุภัณฑ์",
        "province": "น่าน"
    },
    {
        "name": "โรงไม้เวียงสา",
        "province": "น่าน"
    },
    {
        "name": "หจก.ย่งเส็งโฮมมาร์ท",
        "province": "เพชรบูรณ์"
    },
    {
        "name": "ร้านทวีชัยค้าไม้",
        "province": "เพชรบูรณ์"
    },
    {
        "name": "เรืองสินเคหะภัณฑ์",
        "province": "น่าน"
    },
    {
        "name": "ตึกเพชร โฮมโปร",
        "province": "เพชรบูรณ์"
    },
    {
        "name": "หจก.ปีนังค้าวัสดุก่อสร้าง 1996",
        "province": "พิษณุโลก"
    },
    {
        "name": "ร้านแสงเงินค้าไม้",
        "province": "พิษณุโลก"
    },
    {
        "name": "โป่งเกลือค้าไม้",
        "province": "เชียงราย"
    },
    {
        "name": "เสมียนค้าไม้",
        "province": "เชียงราย"
    },
    {
        "name": "บริษัท ป.ไพบูรณ์ เคหะภัณฑ์ จำกัด",
        "province": "พิษณุโลก"
    },
    {
        "name": "หจก.เสาเอกซีเมนต์",
        "province": "พิษณุโลก"
    },
    {
        "name": "ร้านวิทวัสค้าไม้",
        "province": "พิจิตร"
    },
    {
        "name": "ร้านเจียเฮงวัสดุ",
        "province": "เพชรบูรณ์"
    },
    {
        "name": "บจก.โชคพิพัฒน์ค้าไม้",
        "province": "กรุงเทพ"
    },
    {
        "name": "บจก.รุ่งทวีทรัพย์ ค้าไม้",
        "province": "กรุงเทพ"
    },
    {
        "name": "บจก.โชคทวีทรัพย์ ทิมเบอร์",
        "province": "กรุงเทพ"
    },
    {
        "name": "หจก.เกรียงไกร ค้าไม้",
        "province": "กรุงเทพ"
    },
    {
        "name": "บจก.แพล็ตตินั่ม วูด",
        "province": "กรุงเทพ"
    },
    {
        "name": "ชัยประเวศค้าวัสดุ",
        "province": "กรุงเทพ"
    },
    {
        "name": "บจก.ตั้งกิมหลี 1992",
        "province": "สมุทรปราการ "
    },
    {
        "name": "ร้านลี้ซุ่ตัง ค้าไม้",
        "province": "กรุงเทพ"
    },
    {
        "name": "บ.เฮงพาณิชย์ ",
        "province": "กรุงเทพ"
    },
    {
        "name": "ส.ธำรงไทย ",
        "province": "กรุงเทพ"
    },
    {
        "name": "แสงอนุรักษ์ ",
        "province": "กรุงเทพ"
    },
    {
        "name": "ฮั่วฮงค้าไม้และวัสดุ",
        "province": "กรุงเทพ"
    },
    {
        "name": "กลวัฒน์ ",
        "province": "กรุงเทพ"
    },
    {
        "name": "ภูพนาค้าไม้ ",
        "province": "กรุงเทพ"
    },
    {
        "name": "เอ็ม ที พลายวูด ",
        "province": "กรุงเทพ"
    },
    {
        "name": "บจก.โกลเด้นท์เบลล์คอนตรัคชั่น",
        "province": "กรุงเทพ"
    },
    {
        "name": "หจก.ร่วมแสง",
        "province": "กรุงเทพ"
    },
    {
        "name": "ดีเค ค้าไม้",
        "province": "กรุงเทพ"
    },
    {
        "name": "บ.เฉลียวการช่างและค้าวัสดุก่อสร้าง จำกัด ",
        "province": "กรุงเทพ"
    },
    {
        "name": "หจก.ส.สหไทยดำรงพาณิชย์ ",
        "province": "กรุงเทพ"
    },
    {
        "name": "บจก. ย่งไทเส็ง ",
        "province": "กรุงเทพ"
    },
    {
        "name": "เข่งหน่ำฮวดค้าไม้ 2003",
        "province": "กรุงเทพ"
    },
    {
        "name": "บจก.เอ.วิลเลจ",
        "province": "กรุงเทพ"
    },
    {
        "name": "คณะบุคคลไต๊ฮั่ว                 ",
        "province": "กรุงเทพ       "
    },
    {
        "name": "ร้านกิตติเฟอร์นิเจอร์           ",
        "province": "กรุงเทพ       "
    },
    {
        "name": "บจก. นิดา ฮาร์ดแวร์ ",
        "province": "กรุงเทพ"
    },
    {
        "name": "ปัทมชัย ซัพพลาย",
        "province": "สมุทรปราการ "
    },
    {
        "name": "บ.พสิษฐ์กิจเจริญ ",
        "province": "กรุงเทพ          "
    },
    {
        "name": "บจก. ดี ดี ร่วมเจริญ ",
        "province": "กรุงเทพ"
    },
    {
        "name": "ร้านแสงไทยค้าไม้",
        "province": "กรุงเทพ"
    },
    {
        "name": "บ.ร่วมกิจ อินเตอร์ท๊อปวู้ด (ไทย) จำกัด",
        "province": "กรุงเทพ"
    },
    {
        "name": "หจก. บี.เค ทรัพย์พนา ",
        "province": "กรุงเทพ"
    },
    {
        "name": "ร้านร่มโพธิ์",
        "province": "กรุงเทพ"
    },
    {
        "name": "บริษัท วู๊ด ซัพพลาย จำกัด ",
        "province": "กรุงเทพ"
    },
    {
        "name": "หจก.บริบูรณ์พรการค้า",
        "province": "ปทุมธานี"
    },
    {
        "name": "บจก.แนวหน้าค้าไม้",
        "province": "กรุงเทพ"
    },
    {
        "name": "บริษัท พนาวรรณ ซัพพลาย จำกัด",
        "province": "กรุงเทพ"
    },
    {
        "name": "ร้าน กิจพนาค้าไม้        ",
        "province": "กรุงเทพ    "
    },
    {
        "name": "ร้าน ไทยสถิต ค้าไม้",
        "province": "กรุงเทพ     "
    },
    {
        "name": "ร้าน จริยาค้าไม้      ",
        "province": "กรุงเทพ  "
    },
    {
        "name": "ชูชาติค้าไม้",
        "province": "เพชรบุรี"
    },
    {
        "name": "ยงเฮ้าส์",
        "province": "กาญจนบุรี"
    },
    {
        "name": "รุ่งเจริญค้าวัสดุ",
        "province": "เพชรบุรี"
    },
    {
        "name": "กิติพงษ์โฮมมาร์ท",
        "province": "นครปฐม"
    },
    {
        "name": "บุญโสฬสคอน ",
        "province": "นครปฐม"
    },
    {
        "name": "ธนานันท์ ฮาร์ดแวร์",
        "province": "นครปฐม"
    },
    {
        "name": "ร้านถูกที่สุดค้าไม้",
        "province": "นครสวรรค์"
    },
    {
        "name": "บ้านรักษ์ไม้",
        "province": "นครสวรรค์"
    },
    {
        "name": "เจริญภัณฑ์ พาณิชย์",
        "province": "นครสวรรค์"
    },
    {
        "name": "เจริญพัฒนาค้าวัสดุ",
        "province": "สุพรรณบุรี"
    },
    {
        "name": "แสงสงวนวัสดุก่อสร้าง",
        "province": "กาญจนบุรี"
    },
    {
        "name": "ไทยนิยมเทรดดิ้ง",
        "province": "เพชรบุรี"
    },
    {
        "name": "เจริญวัฒนาค้าไม้",
        "province": "เพชรบุรี"
    },
    {
        "name": "นิวสากลราชบุรี ",
        "province": "ราชบุรี"
    },
    {
        "name": "ร้านสำเนียง",
        "province": "สุพรรณบุรี"
    },
    {
        "name": "เส็งพาณิชย์ เหล็กไทย",
        "province": "สุพรรณบุรี"
    },
    {
        "name": "ร้านทศพรเคหะภัณฑ์",
        "province": "สุพรรณบุรี"
    },
    {
        "name": "ร้านกิจอุดมค้าไม้",
        "province": "สุพรรณบุรี"
    },
    {
        "name": "ร้านสนามจันทร์เฟอร์นิเจอร์",
        "province": "นครปฐม"
    },
    {
        "name": "เขื่อนเจ้าพระยาค้าไม้",
        "province": "ชัยนาท           "
    },
    {
        "name": "ร้านยงไทย",
        "province": "ราชบุรี"
    },
    {
        "name": "อุดมค้าไม้ 1991",
        "province": "สุพรรณบุรี"
    },
    {
        "name": "เต็กเช่งฮงนครสวรรค์",
        "province": "นครสวรรค์"
    },
    {
        "name": "ช.รุ่งโรจน์",
        "province": "ราชบุรี"
    },
    {
        "name": "บางบัวทองค้าไม้",
        "province": "นนทบุรี"
    },
    {
        "name": "ร้านมุมตัสย์ ค้าไม้",
        "province": "นนทบุรี"
    },
    {
        "name": "ร้านสกุลชัยค้าวัสดุ",
        "province": "ปทุมธานี"
    },
    {
        "name": "หจก.บางใหญ่ค้าวัสดุภัณฑ์",
        "province": "นนทบุรี"
    },
    {
        "name": "ศิริชัย ค้าไม้",
        "province": "นนทบุรี"
    },
    {
        "name": "ร้านไพลินค้าไม้",
        "province": "นนทบุรี"
    },
    {
        "name": "ร้านไทวารี ค้าไม้",
        "province": "กรุงเทพ"
    },
    {
        "name": "ธนัทค้าไม้",
        "province": "นนทบุรี"
    },
    {
        "name": "ทักษิณแดนใต้",
        "province": "นนทบุรี"
    },
    {
        "name": "รัฐสหคอมเมอรเชียล",
        "province": "นนทบุรี"
    },
    {
        "name": "บางไผ่ค้าไม้",
        "province": "นนทบุรี"
    },
    {
        "name": "บจก.ศรีทองวู๊ด",
        "province": "นนทบุรี"
    },
    {
        "name": "อัจฉรา รุ่งเรือง",
        "province": "นนทบุรี"
    },
    {
        "name": "บจก.ไทยสงวนรุ่งเรื่อง พาณิชย์",
        "province": "กรุงเทพ"
    },
    {
        "name": "บริษัท ย่งฮวดหลี จำกัด",
        "province": "กรุงเทพ"
    },
    {
        "name": "หจก. นำเซ่งล้งค้าไม้",
        "province": "กรุงเทพ"
    },
    {
        "name": "โรงกลึงไม้หลักชัย บางโพ",
        "province": "กรุงเทพ"
    },
    {
        "name": "ร้านวงแหวนค้าอุปกรณ์ก่อสร้าง",
        "province": "นนทบุรี"
    },
    {
        "name": "กิจ ฮง ฮง ค้าไม้",
        "province": "สมุทรสาทร"
    },
    {
        "name": "หจก. เจริญศิลป์ โฮมมาร์ท",
        "province": "สมุทรสาทร"
    },
    {
        "name": "เกรียงเจริญค้าไม้",
        "province": "สมุทรสาทร"
    },
    {
        "name": "บจก. ไทยมณฑลโฮมมาร์ท ",
        "province": "นครปฐม"
    },
    {
        "name": "วิวัฒน์ค้าไม้ ",
        "province": "นนทบุรี"
    },
    {
        "name": "หจก. สมบัติโฮมมาร์ท ",
        "province": "นครปฐม"
    },
    {
        "name": "อาณาจักรนายช่าง",
        "province": "ปทุมธานี"
    },
    {
        "name": "บจก.หาญวิวัฒน์ค้าไม้",
        "province": "กรุงเทพ"
    },
    {
        "name": "ไทยนำแสงพนาภัณฑ์",
        "province": "ปทุมธานี"
    },
    {
        "name": "ภิญโญวัสดุก่อสร้าง",
        "province": "ปทุมธานี"
    },
    {
        "name": "บจก. นายช่างกร๊ป",
        "province": "นนทบุรี"
    },
    {
        "name": "บ.พรศิวะ วัสดุก่อสร้าง",
        "province": "ปทุมธานี"
    },
    {
        "name": "บจก.วงแหวน กม10 ค้าไม้",
        "province": "นนทบุรี"
    },
    {
        "name": "สยามเศษฐีวัสดุภัณฑ์",
        "province": "นนทบุรี"
    },
    {
        "name": "ห้างหุ้นส่วนจำกัดอรุณพงษ์ ",
        "province": "นนทบุรี"
    },
    {
        "name": "เอ็ม พีวี วัสดุภัณฑ์",
        "province": "กรุงเทพ"
    },
    {
        "name": "ศิริมหานคร ค้าไม้",
        "province": "กรุงเทพ"
    },
    {
        "name": "บจก.ภูเขาทอง โฮมบิ้ลย์",
        "province": "กรุงเทพ"
    },
    {
        "name": "บ.ภูเก็ต โฮมมาร์ทภัณฑ์ค้าไม้ จำกัด",
        "province": "ภูเก็ต"
    },
    {
        "name": "หสม.ชาลีฮาร์ดแวร์",
        "province": "ภูเก็ต"
    },
    {
        "name": "หจก. สยามเกาะแก้ว",
        "province": "ภูเก็ต"
    },
    {
        "name": "ร้านเอกมั่นคงค้าไม้",
        "province": "ภูเก็ต"
    },
    {
        "name": "บริษัทภูเก็ตเจริญกิจค้าไม้ จำกัด",
        "province": "ภูเก็ต"
    },
    {
        "name": "ร้านวู๊ดเวิร์ค",
        "province": "ภูเก็ต"
    },
    {
        "name": "บริษัท เฮงฮกฮวด จำกัด",
        "province": "ภูเก็ต"
    },
    {
        "name": "หจก.ปรีดาสุทธิการก่อสร้าง",
        "province": "ระนอง"
    },
    {
        "name": "ร้านเอื้ออุดมภัณฑ์",
        "province": "ชุมพร"
    },
    {
        "name": "บริษัทไถ่เชียงโฮมแม็กซ์จำกัด",
        "province": "ชุมพร"
    },
    {
        "name": "ร้านป้าฮวยค้าไม้ ",
        "province": "ประจวบ"
    },
    {
        "name": "ร้านหลุยส์เคหะภัณฑ์",
        "province": "สุราษฎร์"
    },
    {
        "name": "บริษัท เคเอ็มพี ซุปเปอร์โฮม จำกัด",
        "province": "สุราษฎร์"
    },
    {
        "name": "บริษัท บิ๊กโต ซุปเปอร์โปร์ จำกัด",
        "province": "สุราษฎร์"
    },
    {
        "name": "ร้านนัยนา คิ้วบัว",
        "province": "สุราษฎร์"
    },
    {
        "name": "หจก.สมบูรณ์ประดิษฐ์งานไม้",
        "province": "สุราษฎร์"
    },
    {
        "name": "หจก.เจริญสุขกระบี่ค้าสี",
        "province": "กระบี่  "
    },
    {
        "name": "บริษัท ประภาวิวัฒน์ค้าวัสดุ จำกัด",
        "province": "สุราษฎร์"
    },
    {
        "name": "หจก.ภูเก็ตสยาม ค้าไม้",
        "province": "กระบี่"
    },
    {
        "name": "บริษัท ทรงพรค้าไม้ 2008 จำกัด",
        "province": "กระบี่"
    },
    {
        "name": "ร้านพูนศิริเฟอร์นิเจอร์ ",
        "province": "กระบี่"
    },
    {
        "name": "บริษัท ภูเก็ตโรงไม้ตะกั่วป่า จำกัด",
        "province": "ภูเก็ต"
    },
    {
        "name": "ศิริโฮม สแตนดาร์ด จำกัด",
        "province": "จันทบุรี"
    },
    {
        "name": "J P S โฮมแอนด์ เดคอร์ จำกัด ",
        "province": "ปราจีนบุรี"
    },
    {
        "name": "ว.วิรุฬห์ก่อสร้าง ",
        "province": "สระแก้ว"
    },
    {
        "name": "บจก. ครึ่งราคาค้าไม้",
        "province": "ตราด"
    },
    {
        "name": "เจริญเคหะ โฮมมาร์ท ",
        "province": "จันทบุรี"
    },
    {
        "name": "หจก.โชคพาณิชวัสดุก่อสร้าง ",
        "province": "สระแก้ว"
    },
    {
        "name": "โชควัฒนา โฮมเซนเตอร์ ",
        "province": "สระแก้ว"
    },
    {
        "name": "เหมพัฒนะไพศาล ",
        "province": "ปราจีนบุรี"
    },
    {
        "name": "แสงทองผ้าใบ",
        "province": "กรุงเทพ"
    },
    {
        "name": "มากไม้ชุมแสง",
        "province": "กรุงเทพ"
    },
    {
        "name": "มากไม้ นนทบุรี",
        "province": "นนทบุรี"
    },
    {
        "name": "ร้านไม้สุวินทวงศ์",
        "province": "นนทบุรี"
    }
]